Data,# Samples,# Dimensions,Outlier Perc,ABOD,CBLOF,HBOS,IForest,KNN,LODA,LOF,OCSVM,PCA,COD,BAZUOD
Arrhythmia,1966,1555,18.7182,2.18016,0.47180999999999995,0.53343,3.8745,1.7947000000000002,0.12292,0.0865,1.6994599999999997,9.07704,1.1819900000000003,1.1526100000000001
Cardiotocography,351,32,35.8974,0.0418,0.06260000000000002,0.01309,0.26358000000000004,0.0085,0.017099999999999997,0.0033999999999999994,0.005799999999999999,0.002,0.0128,0.014800000000000002
HeartDisease,60839,41,0.1561,72.00369,0.8513900000000001,0.1086,4.9680599999999995,70.07075,0.26775000000000004,39.72314,205.72738999999996,0.20475,0.8606399999999998,0.6015299999999999
Hepatitis,148,18,4.0541,0.017200000000000003,0.05620000000000001,0.007300000000000001,0.24665999999999996,0.0034999999999999996,0.014900000000000002,0.0015,0.0016,0.0012000000000000003,0.0058,0.008000000000000002
